workers,time_s,speedup,parallel_efficiency,best_fitness
1,2.892,1.000,1.000,0.000000
2,5.298,0.546,0.273,0.000000
4,7.620,0.380,0.095,0.000000
8,15.291,0.189,0.024,0.000000
