population,median_best,mean_best,best_run,worst_run
10,1.4950396517,2.0927693436,0.9950440052,4.9956068991
25,0.9949881508,0.8095387618,0.0000000161,1.9899371473
50,0.0000014836,0.0006546380,0.0000000029,0.0064968424
100,0.0000003171,0.0994974357,0.0000000000,0.9949591403
200,0.0000000000,0.0000000878,0.0000000000,0.0000008507
