workers,time_s,best_fitness
1,2.892,0.000000
2,5.298,0.000000
4,7.620,0.000000
8,15.291,0.000000
