population,workers,time_s,best_fitness
25,1,0.463,1.9899181149
25,2,0.595,1.9899181149
25,4,0.898,1.9899181149
25,8,1.556,1.9899181149
50,1,0.443,0.0000248701
50,2,0.563,0.0000248701
50,4,0.901,0.0000248701
50,8,1.543,0.0000248701
100,1,0.503,0.0000000006
100,2,0.583,0.0000000006
100,4,0.911,0.0000000006
100,8,1.602,0.0000000006
200,1,0.545,0.0000000000
200,2,0.655,0.0000000000
200,4,0.936,0.0000000000
200,8,1.675,0.0000000000
