num_thread1,num_thread2,num_thread3,num_thread4,num_thread5,num_thread6,num_thread7,num_thread8
24.47053814,13.37513185,10.20219374,8.750885248,8.997219086,8.667196989,8.782410145,8.641836882
24.160676,13.29012823,10.51136637,8.800189972,9.752230167,9.068307877,8.776273012,8.578126192
25.40875697,13.57318091,10.30142283,8.814872026,8.898211956,9.412610769,8.765328169,8.57942605
24.67771602,13.49126792,10.53523302,10.00241184,9.563723803,9.471804142,8.904298067,8.981873274
25.50995493,14.07706809,10.44822097,9.382992268,9.542160749,8.258385181,8.30588913,8.41812396